{"stats":{"minecraft:mined":{"minecraft:short_grass":1,"minecraft:oak_log":5,"minecraft:dark_oak_log":27,"minecraft:oak_leaves":1,"minecraft:crafting_table":1},"minecraft:custom":{"minecraft:time_since_rest":13389,"minecraft:play_time":13389,"minecraft:damage_taken":125,"minecraft:walk_one_cm":15767,"minecraft:jump":46,"minecraft:damage_dealt":111,"minecraft:leave_game":1,"minecraft:time_since_death":13389,"minecraft:total_world_time":13389,"minecraft:interact_with_crafting_table":1,"minecraft:fly_one_cm":587},"minecraft:crafted":{"minecraft:wooden_sword":1,"minecraft:oak_planks":16,"minecraft:dark_oak_planks":4,"minecraft:crafting_table":1,"minecraft:stick":12,"minecraft:wooden_axe":2},"minecraft:picked_up":{"minecraft:stick":1,"minecraft:crafting_table":1,"minecraft:oak_log":4,"minecraft:dark_oak_log":25},"minecraft:used":{"minecraft:wooden_axe":13,"minecraft:crafting_table":1}},"DataVersion":3953}