{"stats":{"minecraft:mined":{"minecraft:dark_oak_log":56,"minecraft:crafting_table":1,"minecraft:granite":1,"minecraft:short_grass":1,"minecraft:coal_ore":8,"minecraft:oak_log":13,"minecraft:sand":7,"minecraft:copper_ore":11,"minecraft:stone":109,"minecraft:oak_leaves":2},"minecraft:custom":{"minecraft:time_since_rest":37389,"minecraft:sprint_one_cm":556,"minecraft:damage_taken":125,"minecraft:walk_one_cm":59871,"minecraft:damage_dealt":111,"minecraft:interact_with_crafting_table":5,"minecraft:fly_one_cm":1000,"minecraft:crouch_one_cm":414,"minecraft:play_time":37389,"minecraft:sneak_time":302,"minecraft:jump":148,"minecraft:leave_game":1,"minecraft:time_since_death":37389,"minecraft:walk_on_water_one_cm":1258,"minecraft:total_world_time":37389},"minecraft:crafted":{"minecraft:wooden_sword":1,"minecraft:oak_planks":52,"minecraft:stone_shovel":1,"minecraft:crafting_table":2,"minecraft:stick":16,"minecraft:wooden_pickaxe":1,"minecraft:stone_pickaxe":1,"minecraft:wooden_axe":2,"minecraft:stone_sword":1,"minecraft:torch":8,"minecraft:dark_oak_planks":4,"minecraft:stone_axe":1},"minecraft:picked_up":{"minecraft:stick":1,"minecraft:crafting_table":1,"minecraft:sand":7,"minecraft:oak_log":13,"minecraft:dark_oak_log":55,"minecraft:raw_copper":44,"minecraft:granite":1,"minecraft:birch_sapling":1,"minecraft:coal":8,"minecraft:cobblestone":109},"minecraft:used":{"minecraft:wooden_axe":51,"minecraft:stone_shovel":1,"minecraft:stone_pickaxe":79,"minecraft:wooden_pickaxe":50,"minecraft:stone_axe":7,"minecraft:cookie":2,"minecraft:crafting_table":3}},"DataVersion":3953}