{"stats":{"minecraft:custom":{"minecraft:time_since_rest":35997,"minecraft:interact_with_furnace":5,"minecraft:sprint_one_cm":6634,"minecraft:damage_taken":220,"minecraft:walk_one_cm":38013,"minecraft:mob_kills":1,"minecraft:damage_dealt":206,"minecraft:swim_one_cm":559,"minecraft:interact_with_crafting_table":9,"minecraft:fly_one_cm":2107,"minecraft:crouch_one_cm":108,"minecraft:play_time":35997,"minecraft:sneak_time":481,"minecraft:walk_under_water_one_cm":15,"minecraft:jump":115,"minecraft:walk_on_water_one_cm":938,"minecraft:time_since_death":35997,"minecraft:total_world_time":35997,"minecraft:fall_one_cm":604},"minecraft:mined":{"minecraft:dark_oak_planks":1,"minecraft:dark_oak_leaves":11,"minecraft:birch_log":13,"minecraft:iron_ore":3,"minecraft:dark_oak_log":143,"minecraft:birch_leaves":2,"minecraft:crafting_table":1,"minecraft:oak_log":6,"minecraft:grass_block":2,"minecraft:coal_ore":18,"minecraft:sand":66,"minecraft:dirt":11,"minecraft:copper_ore":1,"minecraft:stone":61,"minecraft:oak_leaves":10},"minecraft:crafted":{"minecraft:stone_shovel":2,"minecraft:charcoal":4,"minecraft:crafting_table":2,"minecraft:stick":28,"minecraft:iron_ingot":3,"minecraft:stone_pickaxe":1,"minecraft:wooden_axe":2,"minecraft:iron_sword":1,"minecraft:furnace":1,"minecraft:dark_oak_planks":36,"minecraft:torch":4,"minecraft:birch_planks":4,"minecraft:stone_axe":2},"minecraft:picked_up":{"minecraft:birch_log":13,"minecraft:crafting_table":1,"minecraft:raw_iron":3,"minecraft:sand":59,"minecraft:oak_log":5,"minecraft:dark_oak_log":127,"minecraft:dirt":18,"minecraft:dark_oak_planks":1,"minecraft:coal":18,"minecraft:cobblestone":68},"minecraft:used":{"minecraft:wooden_axe":52,"minecraft:dark_oak_planks":1,"minecraft:stone_shovel":67,"minecraft:stone_pickaxe":84,"minecraft:iron_sword":13,"minecraft:stone_axe":131,"minecraft:cookie":7,"minecraft:torch":2,"minecraft:dirt":3,"minecraft:crafting_table":3,"minecraft:furnace":1},"minecraft:broken":{"minecraft:stone_axe":1},"minecraft:killed":{"minecraft:zombie":1}},"DataVersion":3953}