{"stats":{"minecraft:custom":{"minecraft:time_since_rest":5997,"minecraft:play_time":5997,"minecraft:sprint_one_cm":641,"minecraft:damage_taken":20,"minecraft:walk_one_cm":5614,"minecraft:sneak_time":65,"minecraft:jump":12,"minecraft:time_since_death":5997,"minecraft:total_world_time":5997,"minecraft:interact_with_crafting_table":2,"minecraft:fall_one_cm":335,"minecraft:fly_one_cm":40},"minecraft:mined":{"minecraft:dark_oak_planks":1,"minecraft:dark_oak_leaves":1,"minecraft:dark_oak_log":25,"minecraft:oak_leaves":6},"minecraft:crafted":{"minecraft:dark_oak_planks":12,"minecraft:crafting_table":1,"minecraft:stick":4,"minecraft:wooden_axe":2},"minecraft:picked_up":{"minecraft:dark_oak_planks":1,"minecraft:dark_oak_log":21},"minecraft:used":{"minecraft:dark_oak_planks":1,"minecraft:wooden_axe":23,"minecraft:crafting_table":1}},"DataVersion":3953}