{"stats":{"minecraft:mined":{"minecraft:dark_oak_planks":1,"minecraft:dark_oak_leaves":19,"minecraft:dark_oak_log":211,"minecraft:crafting_table":1,"minecraft:granite":1,"minecraft:short_grass":2,"minecraft:grass_block":12,"minecraft:mushroom_stem":5,"minecraft:copper_ore":1,"minecraft:birch_log":13,"minecraft:iron_ore":3,"minecraft:birch_leaves":2,"minecraft:coal_ore":18,"minecraft:oak_log":11,"minecraft:gravel":1,"minecraft:sand":66,"minecraft:dirt":25,"minecraft:red_mushroom_block":45,"minecraft:stone":61,"minecraft:oak_leaves":10},"minecraft:killed":{"minecraft:zombie":1,"minecraft:enderman":1,"minecraft:cow":3},"minecraft:broken":{"minecraft:stone_axe":1},"minecraft:picked_up":{"minecraft:birch_log":13,"minecraft:crafting_table":1,"minecraft:leather":3,"minecraft:red_mushroom":10,"minecraft:oak_log":10,"minecraft:dirt":52,"minecraft:cooked_mutton":5,"minecraft:bone":2,"minecraft:beef":5,"minecraft:dark_oak_sapling":3,"minecraft:stick":2,"minecraft:raw_iron":3,"minecraft:gravel":1,"minecraft:sand":59,"minecraft:ink_sac":3,"minecraft:dark_oak_log":190,"minecraft:dark_oak_planks":1,"minecraft:arrow":2,"minecraft:granite":2,"minecraft:coal":18,"minecraft:cobblestone":68},"minecraft:crafted":{"minecraft:cooked_beef":8,"minecraft:oak_planks":12,"minecraft:stone_shovel":2,"minecraft:crafting_table":3,"minecraft:iron_sword":1,"minecraft:furnace":2,"minecraft:birch_planks":4,"minecraft:stone_axe":2,"minecraft:charcoal":4,"minecraft:stick":28,"minecraft:iron_ingot":3,"minecraft:stone_pickaxe":1,"minecraft:wooden_axe":2,"minecraft:chest":1,"minecraft:dark_oak_planks":36,"minecraft:torch":8},"minecraft:custom":{"minecraft:interact_with_furnace":8,"minecraft:mob_kills":5,"minecraft:interact_with_crafting_table":18,"minecraft:leave_game":5,"minecraft:time_since_death":72441,"minecraft:time_since_rest":72441,"minecraft:sprint_one_cm":28690,"minecraft:damage_taken":320,"minecraft:walk_one_cm":84977,"minecraft:drop":1,"minecraft:damage_dealt":1094,"minecraft:swim_one_cm":559,"minecraft:fly_one_cm":5579,"minecraft:open_chest":1,"minecraft:crouch_one_cm":222,"minecraft:play_time":72441,"minecraft:sneak_time":3918,"minecraft:walk_under_water_one_cm":838,"minecraft:jump":302,"minecraft:walk_on_water_one_cm":4762,"minecraft:total_world_time":72441,"minecraft:fall_one_cm":3782},"minecraft:dropped":{"minecraft:beacon":5},"minecraft:used":{"minecraft:cooked_mutton":1,"minecraft:stone_shovel":96,"minecraft:stone_pickaxe":123,"minecraft:chest":1,"minecraft:iron_sword":36,"minecraft:cookie":20,"minecraft:torch":6,"minecraft:dirt":20,"minecraft:crafting_table":4,"minecraft:dark_oak_planks":1,"minecraft:wooden_axe":52,"minecraft:stone_axe":213,"minecraft:furnace":2}},"DataVersion":3953}