{"stats":{"minecraft:mined":{"minecraft:dark_oak_planks":1,"minecraft:dark_oak_leaves":19,"minecraft:dark_oak_log":211,"minecraft:crafting_table":1,"minecraft:torch":1,"minecraft:granite":1,"minecraft:short_grass":2,"minecraft:grass_block":12,"minecraft:mushroom_stem":5,"minecraft:copper_ore":1,"minecraft:diorite":36,"minecraft:birch_log":13,"minecraft:iron_ore":14,"minecraft:birch_leaves":2,"minecraft:oak_log":11,"minecraft:coal_ore":28,"minecraft:gravel":4,"minecraft:sand":66,"minecraft:dirt":25,"minecraft:red_mushroom_block":45,"minecraft:stone":64,"minecraft:oak_leaves":10},"minecraft:killed":{"minecraft:zombie":1,"minecraft:enderman":1,"minecraft:cow":3},"minecraft:broken":{"minecraft:stone_axe":1,"minecraft:stone_pickaxe":1},"minecraft:picked_up":{"minecraft:birch_log":13,"minecraft:crafting_table":1,"minecraft:leather":3,"minecraft:red_mushroom":10,"minecraft:oak_log":10,"minecraft:dirt":52,"minecraft:cooked_mutton":5,"minecraft:bone":2,"minecraft:stone_pickaxe":2,"minecraft:beef":5,"minecraft:dark_oak_sapling":3,"minecraft:stick":2,"minecraft:raw_iron":14,"minecraft:torch":1,"minecraft:gravel":2,"minecraft:sand":59,"minecraft:ink_sac":3,"minecraft:diorite":35,"minecraft:dark_oak_log":190,"minecraft:dark_oak_planks":1,"minecraft:arrow":2,"minecraft:granite":2,"minecraft:coal":27,"minecraft:cobblestone":71},"minecraft:crafted":{"minecraft:cooked_beef":8,"minecraft:oak_planks":12,"minecraft:stone_shovel":2,"minecraft:crafting_table":3,"minecraft:iron_sword":1,"minecraft:furnace":2,"minecraft:birch_planks":4,"minecraft:stone_axe":2,"minecraft:polished_diorite":32,"minecraft:charcoal":11,"minecraft:stick":28,"minecraft:iron_ingot":3,"minecraft:stone_pickaxe":1,"minecraft:wooden_axe":2,"minecraft:chest":1,"minecraft:dark_oak_planks":36,"minecraft:torch":24},"minecraft:custom":{"minecraft:interact_with_furnace":9,"minecraft:mob_kills":5,"minecraft:interact_with_crafting_table":18,"minecraft:leave_game":7,"minecraft:time_since_death":82266,"minecraft:time_since_rest":82266,"minecraft:sprint_one_cm":57909,"minecraft:damage_taken":320,"minecraft:walk_one_cm":102911,"minecraft:drop":2,"minecraft:damage_dealt":1094,"minecraft:swim_one_cm":559,"minecraft:fly_one_cm":17443,"minecraft:open_chest":1,"minecraft:crouch_one_cm":222,"minecraft:play_time":82266,"minecraft:sneak_time":4017,"minecraft:walk_under_water_one_cm":838,"minecraft:jump":389,"minecraft:walk_on_water_one_cm":4762,"minecraft:total_world_time":82266,"minecraft:fall_one_cm":5245},"minecraft:dropped":{"minecraft:cooked_beef":8,"minecraft:beacon":5},"minecraft:used":{"minecraft:cooked_mutton":2,"minecraft:stone_shovel":96,"minecraft:stone_pickaxe":186,"minecraft:chest":1,"minecraft:iron_sword":36,"minecraft:cookie":20,"minecraft:torch":10,"minecraft:dirt":20,"minecraft:crafting_table":4,"minecraft:dark_oak_planks":1,"minecraft:wooden_axe":52,"minecraft:stone_axe":213,"minecraft:furnace":2}},"DataVersion":3953}