{"stats":{"minecraft:custom":{"minecraft:time_since_rest":53704,"minecraft:interact_with_furnace":5,"minecraft:sprint_one_cm":20920,"minecraft:damage_taken":230,"minecraft:walk_one_cm":57505,"minecraft:mob_kills":4,"minecraft:damage_dealt":506,"minecraft:swim_one_cm":559,"minecraft:interact_with_crafting_table":9,"minecraft:fly_one_cm":3988,"minecraft:crouch_one_cm":108,"minecraft:play_time":53704,"minecraft:sneak_time":487,"minecraft:walk_under_water_one_cm":838,"minecraft:jump":204,"minecraft:leave_game":1,"minecraft:walk_on_water_one_cm":3513,"minecraft:time_since_death":53704,"minecraft:total_world_time":53704,"minecraft:fall_one_cm":873},"minecraft:mined":{"minecraft:dark_oak_planks":1,"minecraft:dark_oak_leaves":19,"minecraft:birch_log":13,"minecraft:iron_ore":3,"minecraft:dark_oak_log":209,"minecraft:birch_leaves":2,"minecraft:crafting_table":1,"minecraft:granite":1,"minecraft:short_grass":2,"minecraft:oak_log":11,"minecraft:grass_block":8,"minecraft:coal_ore":18,"minecraft:gravel":1,"minecraft:sand":66,"minecraft:dirt":13,"minecraft:mushroom_stem":4,"minecraft:copper_ore":1,"minecraft:red_mushroom_block":45,"minecraft:stone":61,"minecraft:oak_leaves":10},"minecraft:crafted":{"minecraft:stone_shovel":2,"minecraft:charcoal":4,"minecraft:crafting_table":2,"minecraft:stick":28,"minecraft:iron_ingot":3,"minecraft:stone_pickaxe":1,"minecraft:wooden_axe":2,"minecraft:iron_sword":1,"minecraft:furnace":1,"minecraft:dark_oak_planks":36,"minecraft:torch":4,"minecraft:birch_planks":4,"minecraft:stone_axe":2},"minecraft:picked_up":{"minecraft:birch_log":13,"minecraft:stick":2,"minecraft:dark_oak_sapling":3,"minecraft:crafting_table":1,"minecraft:raw_iron":3,"minecraft:leather":3,"minecraft:red_mushroom":9,"minecraft:gravel":1,"minecraft:sand":59,"minecraft:oak_log":10,"minecraft:ink_sac":3,"minecraft:dark_oak_log":188,"minecraft:dirt":26,"minecraft:dark_oak_planks":1,"minecraft:beef":5,"minecraft:granite":1,"minecraft:coal":18,"minecraft:cobblestone":68},"minecraft:used":{"minecraft:wooden_axe":52,"minecraft:dark_oak_planks":1,"minecraft:stone_shovel":94,"minecraft:stone_pickaxe":123,"minecraft:iron_sword":19,"minecraft:stone_axe":211,"minecraft:cookie":10,"minecraft:torch":3,"minecraft:dirt":4,"minecraft:crafting_table":3,"minecraft:furnace":1},"minecraft:broken":{"minecraft:stone_axe":1},"minecraft:killed":{"minecraft:zombie":1,"minecraft:cow":3}},"DataVersion":3953}