{"stats":{"minecraft:mined":{"minecraft:dark_oak_log":56,"minecraft:crafting_table":1,"minecraft:granite":1,"minecraft:short_grass":1,"minecraft:oak_log":13,"minecraft:sand":7,"minecraft:copper_ore":1,"minecraft:stone":43,"minecraft:oak_leaves":2},"minecraft:custom":{"minecraft:time_since_rest":25389,"minecraft:sprint_one_cm":382,"minecraft:damage_taken":125,"minecraft:walk_one_cm":43855,"minecraft:damage_dealt":111,"minecraft:interact_with_crafting_table":4,"minecraft:fly_one_cm":1000,"minecraft:play_time":25389,"minecraft:jump":129,"minecraft:leave_game":1,"minecraft:time_since_death":25389,"minecraft:walk_on_water_one_cm":1258,"minecraft:total_world_time":25389},"minecraft:crafted":{"minecraft:wooden_sword":1,"minecraft:oak_planks":20,"minecraft:stone_shovel":1,"minecraft:crafting_table":1,"minecraft:stick":16,"minecraft:wooden_pickaxe":1,"minecraft:stone_pickaxe":1,"minecraft:wooden_axe":2,"minecraft:stone_sword":1,"minecraft:dark_oak_planks":4,"minecraft:stone_axe":1},"minecraft:picked_up":{"minecraft:stick":1,"minecraft:crafting_table":1,"minecraft:sand":7,"minecraft:oak_log":13,"minecraft:dark_oak_log":55,"minecraft:raw_copper":2,"minecraft:granite":1,"minecraft:birch_sapling":1,"minecraft:cobblestone":43},"minecraft:used":{"minecraft:wooden_axe":51,"minecraft:stone_shovel":1,"minecraft:stone_pickaxe":7,"minecraft:wooden_pickaxe":38,"minecraft:stone_axe":7,"minecraft:cookie":1,"minecraft:crafting_table":2}},"DataVersion":3953}