{"stats":{"minecraft:custom":{"minecraft:time_since_rest":17997,"minecraft:interact_with_furnace":5,"minecraft:sprint_one_cm":3025,"minecraft:damage_taken":220,"minecraft:walk_one_cm":23528,"minecraft:mob_kills":1,"minecraft:damage_dealt":206,"minecraft:interact_with_crafting_table":7,"minecraft:fly_one_cm":785,"minecraft:crouch_one_cm":108,"minecraft:play_time":17997,"minecraft:sneak_time":481,"minecraft:jump":52,"minecraft:time_since_death":17997,"minecraft:total_world_time":17997,"minecraft:fall_one_cm":335},"minecraft:mined":{"minecraft:dark_oak_planks":1,"minecraft:dark_oak_leaves":3,"minecraft:birch_log":6,"minecraft:iron_ore":3,"minecraft:dark_oak_log":36,"minecraft:birch_leaves":2,"minecraft:crafting_table":1,"minecraft:grass_block":2,"minecraft:coal_ore":18,"minecraft:dirt":10,"minecraft:copper_ore":1,"minecraft:stone":61,"minecraft:oak_leaves":7},"minecraft:crafted":{"minecraft:charcoal":4,"minecraft:crafting_table":1,"minecraft:stick":12,"minecraft:iron_ingot":3,"minecraft:stone_pickaxe":1,"minecraft:wooden_axe":2,"minecraft:iron_sword":1,"minecraft:furnace":1,"minecraft:dark_oak_planks":24,"minecraft:torch":4,"minecraft:birch_planks":4},"minecraft:picked_up":{"minecraft:birch_log":6,"minecraft:crafting_table":1,"minecraft:raw_iron":3,"minecraft:dark_oak_log":35,"minecraft:dirt":17,"minecraft:dark_oak_planks":1,"minecraft:coal":18,"minecraft:cobblestone":68},"minecraft:used":{"minecraft:wooden_axe":52,"minecraft:dark_oak_planks":1,"minecraft:stone_pickaxe":84,"minecraft:iron_sword":13,"minecraft:cookie":4,"minecraft:torch":2,"minecraft:dirt":1,"minecraft:crafting_table":2,"minecraft:furnace":1},"minecraft:killed":{"minecraft:zombie":1}},"DataVersion":3953}