{"stats":{"minecraft:mined":{"minecraft:iron_ore":6,"minecraft:dark_oak_log":94,"minecraft:andesite":16,"minecraft:torch":1,"minecraft:granite":19,"minecraft:grass_block":3,"minecraft:coal_ore":4,"minecraft:gravel":7,"minecraft:dirt":7,"minecraft:cobblestone":4,"minecraft:stone":37,"minecraft:sugar_cane":2,"minecraft:wall_torch":1},"minecraft:custom":{"minecraft:time_since_rest":53191,"minecraft:interact_with_furnace":11,"minecraft:sprint_one_cm":38987,"minecraft:damage_taken":335,"minecraft:walk_one_cm":121148,"minecraft:mob_kills":7,"minecraft:drop":3,"minecraft:damage_dealt":1244,"minecraft:interact_with_crafting_table":11,"minecraft:fly_one_cm":36579,"minecraft:crouch_one_cm":1120,"minecraft:play_time":53191,"minecraft:sneak_time":491,"minecraft:walk_under_water_one_cm":947,"minecraft:jump":531,"minecraft:leave_game":3,"minecraft:walk_on_water_one_cm":1153,"minecraft:time_since_death":53191,"minecraft:total_world_time":53191,"minecraft:fall_one_cm":7832},"minecraft:crafted":{"minecraft:cooked_beef":3,"minecraft:oak_planks":4,"minecraft:charcoal":17,"minecraft:shield":1,"minecraft:crafting_table":1,"minecraft:stick":28,"minecraft:iron_helmet":1,"minecraft:iron_ingot":6,"minecraft:wooden_pickaxe":1,"minecraft:stone_pickaxe":1,"minecraft:wooden_axe":1,"minecraft:furnace":1,"minecraft:dark_oak_planks":26,"minecraft:torch":52,"minecraft:stone_axe":1},"minecraft:picked_up":{"minecraft:dark_oak_sapling":1,"minecraft:stick":2,"minecraft:raw_iron":6,"minecraft:andesite":16,"minecraft:leather":2,"minecraft:torch":5,"minecraft:gravel":16,"minecraft:sand":7,"minecraft:oak_log":1,"minecraft:string":1,"minecraft:dark_oak_log":99,"minecraft:dirt":5,"minecraft:bone":1,"minecraft:rotten_flesh":4,"minecraft:bow":1,"minecraft:beef":3,"minecraft:granite":19,"minecraft:oak_sapling":1,"minecraft:sugar_cane":3,"minecraft:birch_sapling":1,"minecraft:coal":4,"minecraft:cobblestone":36},"minecraft:used":{"minecraft:wooden_axe":49,"minecraft:dark_oak_log":1,"minecraft:stone_pickaxe":30,"minecraft:string":1,"minecraft:iron_helmet":1,"minecraft:wooden_pickaxe":59,"minecraft:stone_axe":57,"minecraft:cookie":20,"minecraft:torch":49,"minecraft:dirt":2,"minecraft:cobblestone":19,"minecraft:crafting_table":1,"minecraft:furnace":1,"minecraft:cooked_beef":1,"minecraft:granite":7},"minecraft:broken":{"minecraft:wooden_pickaxe":1},"minecraft:dropped":{"minecraft:cobblestone":3},"minecraft:killed":{"minecraft:skeleton":1,"minecraft:zombie":4,"minecraft:spider":1,"minecraft:cow":1}},"DataVersion":3953}