{"stats":{"minecraft:mined":{"minecraft:grass_block":2,"minecraft:dirt":7,"minecraft:stone":9,"minecraft:dark_oak_log":46},"minecraft:custom":{"minecraft:time_since_rest":19676,"minecraft:sprint_one_cm":7046,"minecraft:crouch_one_cm":173,"minecraft:play_time":19676,"minecraft:walk_one_cm":21921,"minecraft:sneak_time":60,"minecraft:drop":3,"minecraft:jump":108,"minecraft:damage_dealt":10,"minecraft:leave_game":2,"minecraft:time_since_death":19676,"minecraft:total_world_time":19676,"minecraft:interact_with_crafting_table":2,"minecraft:fall_one_cm":2775,"minecraft:fly_one_cm":16962},"minecraft:crafted":{"minecraft:dark_oak_planks":10,"minecraft:crafting_table":1,"minecraft:stick":4,"minecraft:wooden_pickaxe":1,"minecraft:wooden_axe":1},"minecraft:picked_up":{"minecraft:dark_oak_log":47,"minecraft:dirt":5,"minecraft:cobblestone":5},"minecraft:used":{"minecraft:wooden_axe":44,"minecraft:dark_oak_log":1,"minecraft:crafting_table":1,"minecraft:wooden_pickaxe":9},"minecraft:dropped":{"minecraft:cobblestone":3}},"DataVersion":3953}