{"stats":{"minecraft:mined":{"minecraft:dark_oak_log":94,"minecraft:crafting_table":1,"minecraft:torch":1,"minecraft:granite":19,"minecraft:grass_block":4,"minecraft:cobblestone":12,"minecraft:sugar_cane":2,"minecraft:wall_torch":1,"minecraft:iron_ore":47,"minecraft:andesite":16,"minecraft:coal_ore":93,"minecraft:gravel":8,"minecraft:dirt":7,"minecraft:stone":65},"minecraft:killed":{"minecraft:witch":1,"minecraft:zombie_villager":1,"minecraft:spider":3,"minecraft:sheep":1,"minecraft:skeleton":3,"minecraft:zombie":13,"minecraft:cow":1},"minecraft:picked_up":{"minecraft:crafting_table":1,"minecraft:cooked_beef":8,"minecraft:andesite":16,"minecraft:leather":2,"minecraft:beacon":5,"minecraft:oak_log":1,"minecraft:gunpowder":2,"minecraft:dirt":20,"minecraft:string":3,"minecraft:bone":3,"minecraft:bow":1,"minecraft:beef":3,"minecraft:sugar_cane":3,"minecraft:birch_sapling":1,"minecraft:raw_iron":47,"minecraft:dark_oak_sapling":1,"minecraft:stick":2,"minecraft:torch":6,"minecraft:gravel":17,"minecraft:sand":7,"minecraft:diorite":1,"minecraft:redstone":8,"minecraft:dark_oak_log":99,"minecraft:arrow":1,"minecraft:rotten_flesh":15,"minecraft:granite":19,"minecraft:oak_sapling":1,"minecraft:mutton":1,"minecraft:coal":93,"minecraft:white_wool":1,"minecraft:cobblestone":73},"minecraft:broken":{"minecraft:stone_pickaxe":1,"minecraft:stone_axe":1,"minecraft:wooden_pickaxe":1},"minecraft:crafted":{"minecraft:cooked_beef":3,"minecraft:oak_planks":4,"minecraft:crafting_table":3,"minecraft:wooden_pickaxe":1,"minecraft:iron_helmet":1,"minecraft:furnace":3,"minecraft:stone_axe":2,"minecraft:cooked_mutton":1,"minecraft:charcoal":20,"minecraft:shield":1,"minecraft:stick":80,"minecraft:iron_ingot":6,"minecraft:stone_pickaxe":4,"minecraft:wooden_axe":1,"minecraft:dark_oak_planks":58,"minecraft:torch":186},"minecraft:custom":{"minecraft:interact_with_furnace":20,"minecraft:mob_kills":24,"minecraft:interact_with_crafting_table":21,"minecraft:leave_game":4,"minecraft:time_since_death":92002,"minecraft:time_since_rest":92002,"minecraft:sprint_one_cm":109214,"minecraft:damage_taken":1083,"minecraft:walk_one_cm":258463,"minecraft:damage_blocked_by_shield":494,"minecraft:drop":11,"minecraft:damage_dealt":4257,"minecraft:fly_one_cm":93534,"minecraft:crouch_one_cm":1287,"minecraft:play_time":92002,"minecraft:sneak_time":660,"minecraft:walk_under_water_one_cm":1774,"minecraft:jump":1083,"minecraft:walk_on_water_one_cm":3365,"minecraft:total_world_time":92002,"minecraft:fall_one_cm":17769},"minecraft:dropped":{"minecraft:cobblestone":3,"minecraft:granite":1,"minecraft:cooked_mutton":5,"minecraft:stone_pickaxe":2},"minecraft:used":{"minecraft:cooked_mutton":6,"minecraft:stone_pickaxe":197,"minecraft:wooden_pickaxe":59,"minecraft:shield":18,"minecraft:cookie":20,"minecraft:torch":173,"minecraft:dirt":8,"minecraft:crafting_table":4,"minecraft:mushroom_stew":1,"minecraft:granite":7,"minecraft:wooden_axe":49,"minecraft:dark_oak_log":1,"minecraft:string":1,"minecraft:iron_helmet":1,"minecraft:stone_axe":93,"minecraft:cobblestone":27,"minecraft:furnace":3,"minecraft:cooked_beef":5}},"DataVersion":3953}