{"stats":{"minecraft:mined":{"minecraft:dark_oak_log":46,"minecraft:andesite":5,"minecraft:torch":1,"minecraft:granite":17,"minecraft:grass_block":3,"minecraft:coal_ore":4,"minecraft:gravel":3,"minecraft:dirt":7,"minecraft:stone":31},"minecraft:custom":{"minecraft:time_since_rest":31676,"minecraft:interact_with_furnace":4,"minecraft:sprint_one_cm":8452,"minecraft:damage_taken":100,"minecraft:walk_one_cm":50661,"minecraft:mob_kills":3,"minecraft:drop":3,"minecraft:damage_dealt":349,"minecraft:interact_with_crafting_table":6,"minecraft:fly_one_cm":19003,"minecraft:crouch_one_cm":173,"minecraft:play_time":31676,"minecraft:sneak_time":60,"minecraft:jump":262,"minecraft:leave_game":2,"minecraft:time_since_death":31676,"minecraft:total_world_time":31676,"minecraft:fall_one_cm":3613},"minecraft:crafted":{"minecraft:charcoal":9,"minecraft:crafting_table":1,"minecraft:stick":28,"minecraft:wooden_pickaxe":1,"minecraft:stone_pickaxe":1,"minecraft:wooden_axe":1,"minecraft:furnace":1,"minecraft:dark_oak_planks":22,"minecraft:torch":4,"minecraft:stone_axe":1},"minecraft:picked_up":{"minecraft:andesite":5,"minecraft:torch":3,"minecraft:gravel":4,"minecraft:oak_log":1,"minecraft:dark_oak_log":50,"minecraft:dirt":5,"minecraft:rotten_flesh":3,"minecraft:granite":17,"minecraft:oak_sapling":1,"minecraft:coal":4,"minecraft:cobblestone":27},"minecraft:used":{"minecraft:wooden_axe":49,"minecraft:dark_oak_log":1,"minecraft:wooden_pickaxe":59,"minecraft:cookie":5,"minecraft:torch":7,"minecraft:dirt":2,"minecraft:crafting_table":1,"minecraft:furnace":1},"minecraft:broken":{"minecraft:wooden_pickaxe":1},"minecraft:dropped":{"minecraft:cobblestone":3},"minecraft:killed":{"minecraft:zombie":3}},"DataVersion":3953}