{"stats":{"minecraft:mined":{"minecraft:dark_oak_log":94,"minecraft:crafting_table":2,"minecraft:torch":1,"minecraft:granite":19,"minecraft:grass_block":4,"minecraft:cobblestone":12,"minecraft:sugar_cane":2,"minecraft:wall_torch":1,"minecraft:iron_ore":56,"minecraft:andesite":16,"minecraft:coal_ore":100,"minecraft:gravel":8,"minecraft:dirt":7,"minecraft:stone":69},"minecraft:killed":{"minecraft:witch":1,"minecraft:zombie_villager":1,"minecraft:spider":3,"minecraft:sheep":1,"minecraft:skeleton":3,"minecraft:zombie":13,"minecraft:cow":1},"minecraft:picked_up":{"minecraft:crafting_table":2,"minecraft:cooked_beef":14,"minecraft:andesite":16,"minecraft:leather":5,"minecraft:beacon":6,"minecraft:oak_log":1,"minecraft:shield":1,"minecraft:gunpowder":3,"minecraft:dirt":20,"minecraft:string":3,"minecraft:bone":3,"minecraft:bow":1,"minecraft:beef":3,"minecraft:sugar_cane":3,"minecraft:birch_sapling":1,"minecraft:raw_iron":56,"minecraft:dark_oak_sapling":1,"minecraft:stick":20,"minecraft:torch":7,"minecraft:gravel":17,"minecraft:sand":7,"minecraft:diorite":1,"minecraft:redstone":8,"minecraft:dark_oak_log":99,"minecraft:arrow":1,"minecraft:rotten_flesh":29,"minecraft:iron_helmet":1,"minecraft:granite":19,"minecraft:oak_sapling":1,"minecraft:mutton":1,"minecraft:coal":100,"minecraft:white_wool":1,"minecraft:cobblestone":77},"minecraft:broken":{"minecraft:stone_pickaxe":1,"minecraft:stone_axe":1,"minecraft:wooden_pickaxe":1},"minecraft:crafted":{"minecraft:cooked_beef":3,"minecraft:oak_planks":4,"minecraft:crafting_table":3,"minecraft:wooden_pickaxe":1,"minecraft:iron_helmet":1,"minecraft:furnace":3,"minecraft:bucket":3,"minecraft:stone_axe":2,"minecraft:cooked_mutton":1,"minecraft:iron_boots":1,"minecraft:iron_chestplate":1,"minecraft:charcoal":20,"minecraft:shield":1,"minecraft:stick":80,"minecraft:iron_ingot":39,"minecraft:stone_pickaxe":4,"minecraft:wooden_axe":1,"minecraft:iron_leggings":1,"minecraft:dark_oak_planks":58,"minecraft:torch":186},"minecraft:custom":{"minecraft:interact_with_furnace":25,"minecraft:mob_kills":24,"minecraft:interact_with_crafting_table":23,"minecraft:leave_game":5,"minecraft:time_since_death":107351,"minecraft:climb_one_cm":96,"minecraft:time_since_rest":107351,"minecraft:sprint_one_cm":117892,"minecraft:damage_taken":1093,"minecraft:walk_one_cm":276201,"minecraft:damage_blocked_by_shield":494,"minecraft:drop":121,"minecraft:damage_dealt":4257,"minecraft:fly_one_cm":103448,"minecraft:crouch_one_cm":2057,"minecraft:play_time":107351,"minecraft:sneak_time":741,"minecraft:walk_under_water_one_cm":1774,"minecraft:jump":1182,"minecraft:walk_on_water_one_cm":3499,"minecraft:total_world_time":107351,"minecraft:fall_one_cm":21152},"minecraft:used":{"minecraft:cooked_mutton":6,"minecraft:stone_pickaxe":217,"minecraft:wooden_pickaxe":59,"minecraft:shield":18,"minecraft:iron_chestplate":1,"minecraft:cookie":20,"minecraft:torch":181,"minecraft:dirt":8,"minecraft:crafting_table":5,"minecraft:mushroom_stew":1,"minecraft:granite":7,"minecraft:wooden_axe":49,"minecraft:dark_oak_log":1,"minecraft:string":1,"minecraft:iron_helmet":1,"minecraft:iron_boots":1,"minecraft:stone_axe":94,"minecraft:cobblestone":27,"minecraft:furnace":3,"minecraft:cooked_beef":5,"minecraft:iron_leggings":1},"minecraft:dropped":{"minecraft:gravel":17,"minecraft:iron_ingot":5,"minecraft:stone_axe":1,"minecraft:sugar_cane":3,"minecraft:cooked_beef":12,"minecraft:bowl":1,"minecraft:dark_oak_sapling":1,"minecraft:birch_sapling":1,"minecraft:iron_helmet":2,"minecraft:cobblestone":8,"minecraft:rotten_flesh":29,"minecraft:iron_boots":1,"minecraft:leather":5,"minecraft:granite":12,"minecraft:cooked_mutton":5,"minecraft:coal":44,"minecraft:acacia_button":1,"minecraft:stick":37,"minecraft:dirt":12,"minecraft:dark_oak_log":57,"minecraft:shield":2,"minecraft:gunpowder":3,"minecraft:diorite":1,"minecraft:torch":14,"minecraft:iron_chestplate":1,"minecraft:andesite":16,"minecraft:oak_sapling":1,"minecraft:iron_leggings":1,"minecraft:beacon":1,"minecraft:sand":7,"minecraft:arrow":1,"minecraft:bow":1,"minecraft:stone_pickaxe":3,"minecraft:string":2,"minecraft:white_wool":1,"minecraft:bucket":3,"minecraft:redstone":8,"minecraft:bone":3}},"DataVersion":3953}