{"stats":{"minecraft:mined":{"minecraft:dark_oak_log":94,"minecraft:torch":1,"minecraft:granite":19,"minecraft:grass_block":4,"minecraft:cobblestone":4,"minecraft:sugar_cane":2,"minecraft:wall_torch":1,"minecraft:iron_ore":7,"minecraft:andesite":16,"minecraft:coal_ore":35,"minecraft:gravel":8,"minecraft:dirt":7,"minecraft:stone":51},"minecraft:broken":{"minecraft:wooden_pickaxe":1},"minecraft:killed":{"minecraft:zombie_villager":1,"minecraft:spider":3,"minecraft:sheep":1,"minecraft:skeleton":3,"minecraft:zombie":8,"minecraft:cow":1},"minecraft:picked_up":{"minecraft:andesite":16,"minecraft:leather":2,"minecraft:oak_log":1,"minecraft:dirt":11,"minecraft:string":3,"minecraft:bone":3,"minecraft:bow":1,"minecraft:beef":3,"minecraft:sugar_cane":3,"minecraft:birch_sapling":1,"minecraft:raw_iron":7,"minecraft:dark_oak_sapling":1,"minecraft:stick":2,"minecraft:torch":5,"minecraft:gravel":17,"minecraft:sand":7,"minecraft:dark_oak_log":99,"minecraft:arrow":1,"minecraft:rotten_flesh":7,"minecraft:granite":19,"minecraft:oak_sapling":1,"minecraft:mutton":1,"minecraft:coal":35,"minecraft:white_wool":1,"minecraft:cobblestone":52},"minecraft:crafted":{"minecraft:cooked_beef":3,"minecraft:oak_planks":4,"minecraft:crafting_table":2,"minecraft:wooden_pickaxe":1,"minecraft:iron_helmet":1,"minecraft:furnace":2,"minecraft:stone_axe":1,"minecraft:charcoal":20,"minecraft:shield":1,"minecraft:stick":80,"minecraft:iron_ingot":6,"minecraft:stone_pickaxe":1,"minecraft:wooden_axe":1,"minecraft:dark_oak_planks":54,"minecraft:torch":126},"minecraft:custom":{"minecraft:interact_with_furnace":16,"minecraft:mob_kills":17,"minecraft:interact_with_crafting_table":15,"minecraft:leave_game":4,"minecraft:time_since_death":68002,"minecraft:time_since_rest":68002,"minecraft:sprint_one_cm":69847,"minecraft:damage_taken":585,"minecraft:walk_one_cm":174439,"minecraft:damage_blocked_by_shield":334,"minecraft:drop":3,"minecraft:damage_dealt":3090,"minecraft:fly_one_cm":66881,"minecraft:crouch_one_cm":1281,"minecraft:play_time":68002,"minecraft:sneak_time":559,"minecraft:walk_under_water_one_cm":1774,"minecraft:jump":822,"minecraft:walk_on_water_one_cm":2927,"minecraft:total_world_time":68002,"minecraft:fall_one_cm":12244},"minecraft:dropped":{"minecraft:cobblestone":3},"minecraft:used":{"minecraft:stone_pickaxe":77,"minecraft:wooden_pickaxe":59,"minecraft:shield":13,"minecraft:cookie":20,"minecraft:torch":108,"minecraft:dirt":3,"minecraft:crafting_table":2,"minecraft:granite":7,"minecraft:wooden_axe":49,"minecraft:dark_oak_log":1,"minecraft:string":1,"minecraft:iron_helmet":1,"minecraft:stone_axe":78,"minecraft:cobblestone":19,"minecraft:furnace":2,"minecraft:cooked_beef":3}},"DataVersion":3953}