{"stats":{"minecraft:mined":{"minecraft:iron_ore":7,"minecraft:dark_oak_log":94,"minecraft:andesite":16,"minecraft:torch":1,"minecraft:granite":19,"minecraft:grass_block":3,"minecraft:coal_ore":35,"minecraft:gravel":8,"minecraft:dirt":7,"minecraft:cobblestone":4,"minecraft:stone":51,"minecraft:sugar_cane":2,"minecraft:wall_torch":1},"minecraft:custom":{"minecraft:time_since_rest":62027,"minecraft:interact_with_furnace":14,"minecraft:sprint_one_cm":68768,"minecraft:damage_taken":503,"minecraft:walk_one_cm":147141,"minecraft:damage_blocked_by_shield":334,"minecraft:mob_kills":14,"minecraft:drop":3,"minecraft:damage_dealt":2629,"minecraft:interact_with_crafting_table":15,"minecraft:fly_one_cm":66027,"minecraft:crouch_one_cm":1266,"minecraft:play_time":62027,"minecraft:sneak_time":540,"minecraft:walk_under_water_one_cm":947,"minecraft:jump":724,"minecraft:leave_game":4,"minecraft:walk_on_water_one_cm":1153,"minecraft:time_since_death":62027,"minecraft:total_world_time":62027,"minecraft:fall_one_cm":11977},"minecraft:crafted":{"minecraft:cooked_beef":3,"minecraft:oak_planks":4,"minecraft:charcoal":20,"minecraft:shield":1,"minecraft:crafting_table":2,"minecraft:stick":80,"minecraft:iron_helmet":1,"minecraft:iron_ingot":6,"minecraft:wooden_pickaxe":1,"minecraft:stone_pickaxe":1,"minecraft:wooden_axe":1,"minecraft:furnace":2,"minecraft:dark_oak_planks":54,"minecraft:torch":126,"minecraft:stone_axe":1},"minecraft:picked_up":{"minecraft:dark_oak_sapling":1,"minecraft:stick":2,"minecraft:raw_iron":7,"minecraft:andesite":16,"minecraft:leather":2,"minecraft:torch":5,"minecraft:gravel":17,"minecraft:sand":7,"minecraft:oak_log":1,"minecraft:string":3,"minecraft:dark_oak_log":99,"minecraft:dirt":5,"minecraft:arrow":1,"minecraft:bone":3,"minecraft:rotten_flesh":5,"minecraft:bow":1,"minecraft:beef":3,"minecraft:granite":19,"minecraft:oak_sapling":1,"minecraft:sugar_cane":3,"minecraft:birch_sapling":1,"minecraft:coal":35,"minecraft:cobblestone":52},"minecraft:used":{"minecraft:wooden_axe":49,"minecraft:dark_oak_log":1,"minecraft:stone_pickaxe":77,"minecraft:string":1,"minecraft:shield":13,"minecraft:iron_helmet":1,"minecraft:wooden_pickaxe":59,"minecraft:stone_axe":72,"minecraft:cookie":20,"minecraft:torch":107,"minecraft:dirt":2,"minecraft:cobblestone":19,"minecraft:crafting_table":2,"minecraft:furnace":2,"minecraft:cooked_beef":3,"minecraft:granite":7},"minecraft:broken":{"minecraft:wooden_pickaxe":1},"minecraft:dropped":{"minecraft:cobblestone":3},"minecraft:killed":{"minecraft:skeleton":3,"minecraft:zombie":6,"minecraft:zombie_villager":1,"minecraft:spider":3,"minecraft:cow":1}},"DataVersion":3953}