{"stats":{"minecraft:mined":{"minecraft:dark_oak_log":94,"minecraft:torch":1,"minecraft:granite":19,"minecraft:grass_block":4,"minecraft:cobblestone":12,"minecraft:sugar_cane":2,"minecraft:wall_torch":1,"minecraft:iron_ore":13,"minecraft:andesite":16,"minecraft:coal_ore":35,"minecraft:gravel":8,"minecraft:dirt":7,"minecraft:stone":51},"minecraft:broken":{"minecraft:stone_axe":1,"minecraft:wooden_pickaxe":1},"minecraft:killed":{"minecraft:witch":1,"minecraft:zombie_villager":1,"minecraft:spider":3,"minecraft:sheep":1,"minecraft:skeleton":3,"minecraft:zombie":12,"minecraft:cow":1},"minecraft:picked_up":{"minecraft:andesite":16,"minecraft:leather":2,"minecraft:beacon":5,"minecraft:oak_log":1,"minecraft:gunpowder":2,"minecraft:dirt":20,"minecraft:string":3,"minecraft:bone":3,"minecraft:bow":1,"minecraft:beef":3,"minecraft:sugar_cane":3,"minecraft:birch_sapling":1,"minecraft:raw_iron":12,"minecraft:dark_oak_sapling":1,"minecraft:stick":2,"minecraft:torch":6,"minecraft:gravel":17,"minecraft:sand":7,"minecraft:redstone":8,"minecraft:dark_oak_log":99,"minecraft:arrow":1,"minecraft:rotten_flesh":13,"minecraft:granite":19,"minecraft:oak_sapling":1,"minecraft:mutton":1,"minecraft:coal":35,"minecraft:white_wool":1,"minecraft:cobblestone":59},"minecraft:crafted":{"minecraft:cooked_beef":3,"minecraft:oak_planks":4,"minecraft:crafting_table":2,"minecraft:wooden_pickaxe":1,"minecraft:iron_helmet":1,"minecraft:furnace":2,"minecraft:stone_axe":2,"minecraft:cooked_mutton":1,"minecraft:charcoal":20,"minecraft:shield":1,"minecraft:stick":80,"minecraft:iron_ingot":6,"minecraft:stone_pickaxe":2,"minecraft:wooden_axe":1,"minecraft:dark_oak_planks":54,"minecraft:torch":126},"minecraft:custom":{"minecraft:interact_with_furnace":19,"minecraft:mob_kills":23,"minecraft:interact_with_crafting_table":16,"minecraft:leave_game":4,"minecraft:time_since_death":80002,"minecraft:time_since_rest":80002,"minecraft:sprint_one_cm":81269,"minecraft:damage_taken":1059,"minecraft:walk_one_cm":217991,"minecraft:damage_blocked_by_shield":494,"minecraft:drop":9,"minecraft:damage_dealt":4057,"minecraft:fly_one_cm":73169,"minecraft:crouch_one_cm":1287,"minecraft:play_time":80002,"minecraft:sneak_time":650,"minecraft:walk_under_water_one_cm":1774,"minecraft:jump":920,"minecraft:walk_on_water_one_cm":2927,"minecraft:total_world_time":80002,"minecraft:fall_one_cm":14338},"minecraft:dropped":{"minecraft:cobblestone":3,"minecraft:granite":1,"minecraft:cooked_mutton":5},"minecraft:used":{"minecraft:cooked_mutton":6,"minecraft:stone_pickaxe":91,"minecraft:wooden_pickaxe":59,"minecraft:shield":18,"minecraft:cookie":20,"minecraft:torch":115,"minecraft:dirt":3,"minecraft:crafting_table":2,"minecraft:mushroom_stew":1,"minecraft:granite":7,"minecraft:wooden_axe":49,"minecraft:dark_oak_log":1,"minecraft:string":1,"minecraft:iron_helmet":1,"minecraft:stone_axe":90,"minecraft:cobblestone":27,"minecraft:furnace":2,"minecraft:cooked_beef":3}},"DataVersion":3953}