{"stats":{"minecraft:mined":{"minecraft:iron_ore":1,"minecraft:dark_oak_log":94,"minecraft:andesite":16,"minecraft:torch":1,"minecraft:granite":18,"minecraft:grass_block":3,"minecraft:coal_ore":4,"minecraft:gravel":7,"minecraft:dirt":7,"minecraft:cobblestone":3,"minecraft:stone":37,"minecraft:sugar_cane":2},"minecraft:custom":{"minecraft:time_since_rest":41191,"minecraft:interact_with_furnace":5,"minecraft:sprint_one_cm":23306,"minecraft:damage_taken":110,"minecraft:walk_one_cm":81708,"minecraft:mob_kills":4,"minecraft:drop":3,"minecraft:damage_dealt":449,"minecraft:interact_with_crafting_table":6,"minecraft:fly_one_cm":28294,"minecraft:crouch_one_cm":585,"minecraft:play_time":41191,"minecraft:sneak_time":306,"minecraft:walk_under_water_one_cm":221,"minecraft:jump":424,"minecraft:leave_game":3,"minecraft:walk_on_water_one_cm":912,"minecraft:time_since_death":41191,"minecraft:total_world_time":41191,"minecraft:fall_one_cm":6783},"minecraft:crafted":{"minecraft:charcoal":17,"minecraft:crafting_table":1,"minecraft:stick":28,"minecraft:wooden_pickaxe":1,"minecraft:stone_pickaxe":1,"minecraft:wooden_axe":1,"minecraft:furnace":1,"minecraft:dark_oak_planks":22,"minecraft:torch":52,"minecraft:stone_axe":1},"minecraft:picked_up":{"minecraft:dark_oak_sapling":1,"minecraft:stick":2,"minecraft:raw_iron":1,"minecraft:andesite":16,"minecraft:leather":2,"minecraft:torch":3,"minecraft:gravel":16,"minecraft:sand":7,"minecraft:oak_log":1,"minecraft:dark_oak_log":99,"minecraft:dirt":5,"minecraft:rotten_flesh":3,"minecraft:beef":3,"minecraft:granite":18,"minecraft:oak_sapling":1,"minecraft:sugar_cane":3,"minecraft:birch_sapling":1,"minecraft:coal":4,"minecraft:cobblestone":35},"minecraft:used":{"minecraft:wooden_axe":49,"minecraft:dark_oak_log":1,"minecraft:stone_pickaxe":23,"minecraft:wooden_pickaxe":59,"minecraft:stone_axe":49,"minecraft:cookie":10,"minecraft:torch":25,"minecraft:dirt":2,"minecraft:cobblestone":16,"minecraft:crafting_table":1,"minecraft:furnace":1,"minecraft:granite":5},"minecraft:broken":{"minecraft:wooden_pickaxe":1},"minecraft:dropped":{"minecraft:cobblestone":3},"minecraft:killed":{"minecraft:zombie":3,"minecraft:cow":1}},"DataVersion":3953}